code,DESCRIPTION,display_name,,
11981.00,Insertion drug dlvr implant,Contraceptive implant insertion,,
11982,Remove drug implant device,Contraceptive implant removal,,
11983,Remove/insert drug implant,Contraceptive implant removal and reinsertion,,
58300,Insert intrauterine device,Intrauterine device (IUD) insertion,,
58301,Remove intrauterine device,Intrauterine device (IUD) removal,,
76641,Ultrasound breast complete,Complete breast ultrasound,,
76642,Ultrasound breast limited,Limited breast ultrasound,,
77065,Dx mammo incl cad uni,Diagnostic mammogram — one breast,,
77066,Dx mammo incl cad bi,Diagnostic mammogram — both breasts,,
77067,Scr mammo bi incl cad,Screening mammogram — both breasts,,
81025,Urine pregnancy test,Urine pregnancy test,,
90460,Im admin 1st/only component,Vaccine administration with counseling — first component,,
90461,Im admin each addl component,Vaccine administration with counseling — each additional component,,
90471,Immunization admin,Vaccine administration by injection — first vaccine,,
90472,Immunization admin each add,Vaccine administration by injection — each additional vaccine,,
90473,Immune admin oral/nasal,Vaccine administration by mouth or nose — first vaccine,,
90474,Immune admin oral/nasal addl,Vaccine administration by mouth or nose — each additional vaccine,,
90791,Psych diagnostic evaluation,Mental health diagnostic evaluation,,
90792,Psych diag eval w/med srvcs,Mental health diagnostic evaluation with medical services,,
90832,Psytx w pt 30 minutes,Individual psychotherapy — 30 minutes,,
90837,Psytx w pt 60 minutes,Individual psychotherapy — 60 minutes,,
90839,Psytx crisis initial 60 min,Crisis psychotherapy — first 60 minutes,,
90840,Psytx crisis ea addl 30 min,Crisis psychotherapy — each additional 30 minutes,,
90846,Family psytx w/o pt 50 min,Family psychotherapy without the patient — 50 minutes,,
90847,Family psytx w/pt 50 min,Family psychotherapy with the patient — 50 minutes,,
90849,Multiple family group psytx,Multiple-family group psychotherapy,,
90853,Group psychotherapy,Group psychotherapy,,
96110,Developmental screen w/score,Developmental screening with scoring,,
96112,Devel tst phys/qhp 1st hr,Developmental test — first hour,,
96113,Devel tst phys/qhp ea addl,Developmental test — each additional hour,,
96127,Brief emotional/behav assmt,Brief emotional or behavioral assessment,,
97803,Med nutrition indiv subseq,Individual medical nutrition therapy — follow-up,,
97804,Medical nutrition group,Group medical nutrition therapy,,
98960,Edu&trn pt self-mgmt nqhp 1,Individual self-management education,,
98961,Edu&trn pt slf-mgmt nqhp 2-4,Group self-management education — 2–4 patients,,
98968,Ph1 assmt&mgmt nqhp 21-30,Telephone assessment and management — 21–30 minutes,,
99203,Office o/p new low 30 min,New-patient office visit — low complexity / 30 minutes,,
99205,Office o/p new hi 60 min,New-patient office visit — high complexity / 60 minutes,,
99211,Off/op est may x req phy/qhp,Established-patient office visit — minimal service,,
99212,Office o/p est sf 10 min,Established-patient office visit — straightforward / 10 minutes,,
99213,Office o/p est low 20 min,Established-patient office visit — low complexity / 20 minutes,,
99214,Office o/p est mod 30 min,Established-patient office visit — moderate complexity / 30 minutes,,
99215,Office o/p est hi 40 min,Established-patient office visit — high complexity / 40 minutes,,
99381,Init pm e/m new pat infant,New pediatric preventive visit — infant,,
99382,Init pm e/m new pat 1-4 yrs,New pediatric preventive visit — ages 1–4,,
99383,Prev visit new age 5-11,New pediatric preventive visit — ages 5–11,,
99384,Prev visit new age 12-17,New adolescent preventive visit — ages 12–17,,
99385,Prev visit new age 18-39,New adult preventive visit — ages 18–39,,
99386,Prev visit new age 40-64,New adult preventive visit — ages 40–64,,
99387,Init pm e/m new pat 65+ yrs,New adult preventive visit — age 65+,,
99391,Per pm reeval est pat infant,Established pediatric preventive visit — infant,,
99392,Prev visit est age 1-4,Established pediatric preventive visit — ages 1–4,,
99393,Prev visit est age 5-11,Established pediatric preventive visit — ages 5–11,,
99394,Prev visit est age 12-17,Established adolescent preventive visit — ages 12–17,,
99395,Prev visit est age 18-39,Established adult preventive visit — ages 18–39,,
99396,Prev visit est age 40-64,Established adult preventive visit — ages 40–64,,
99397,Per pm reeval est pat 65+ yr,Established adult preventive visit — age 65+,,
99401,Prev med cnsl indiv apprx 15,Individual preventive counseling — about 15 minutes,,
99402,Prev med cnsl indiv apprx 30,Individual preventive counseling — about 30 minutes,,
99403,Prev med cnsl indiv apprx 45,Individual preventive counseling — about 45 minutes,,
99404,Prev med cnsl indiv apprx 60,Individual preventive counseling — about 60 minutes,,
99406,Behav chng smoking 3-10 min,Tobacco cessation counseling — 3–10 minutes,,
99407,Behav chng smoking > 10 min,Tobacco cessation counseling — more than 10 minutes,,
99408,Audit/dast 15-30 min,Substance-use screening and intervention — 15–30 minutes,,
99409,Audit/dast over 30 min,Substance-use screening and intervention — more than 30 minutes,,
99422,Ol dig e/m svc 11-20 min,Online digital evaluation and management — 11–20 minutes,,
99437,Chrnc care mgmt phys ea addl,Chronic care management by physician/QHP — additional time,,
99439,Chrnc care mgmt staf ea addl,Chronic care management by clinical staff — additional time,,
99484,Care mgmt svc bhvl hlth cond,Behavioral health care management,,
99487,Cplx chrnc care 1st 60 min,Complex chronic care management — first 60 minutes,,
99489,Cplx chrnc care ea addl 30,Complex chronic care management — each additional 30 minutes,,
99490,Chrnc care mgmt staff 1st 20,Chronic care management by clinical staff — first 20 minutes,,
99491,Chrnc care mgmt phys 1st 30,Chronic care management by physician/QHP — first 30 minutes,,
99492,1st psyc collab care mgmt,Psychiatric collaborative care management — initial month,,
99493,Sbsq psyc collab care mgmt,Psychiatric collaborative care management — follow-up month,,
99494,1st/sbsq psyc collab care,Psychiatric collaborative care management — additional time,,
99495,Transj care mgmt mod f2f 14d,Transitional care management — moderate complexity,,
99496,Transj care mgmt high f2f 7d,Transitional care management — high complexity,,
G0019,Comm hlth intg svs sdoh 60mn,Community health integration services — first 60 minutes,,
G0022,Comm hlth intg svs add 30 m,Community health integration services — additional 30 minutes,,
G0101,Ca screen;pelvic/breast exam,Screening pelvic and breast examination,,
G0108,Diab manage trn  per indiv,Individual diabetes self-management training,,
G0109,Diab manage trn ind/group,Group diabetes self-management training,,
G0136,Adm of pa/n assess 5-15 m,Social determinants of health risk assessment,,
G0396,Alcohol/subs interv 15-30mn,Alcohol or substance-use intervention — 15–30 minutes,,
G0397,Alcohol/subs interv >30 min,Alcohol or substance-use intervention — more than 30 minutes,,
G0402,Initial preventive exam,Initial preventive physical examination,,
G0438,"Ppps, initial visit",Initial annual wellness visit,,
G0439,"Ppps, subseq visit",Subsequent annual wellness visit,,
G0442,Annual alcohol screen 15 min,Annual alcohol misuse screening — 15 minutes,,
G0443,Brief alcohol misuse counsel,Alcohol misuse counseling,,
G0444,Depression screen annual,Annual depression screening,,
G0445,High inten beh couns std 30m,High-intensity behavioral counseling for STI prevention — 30 minutes,,
G3002,Chronic pain mgmt 30 mins,Chronic pain management — first 30 minutes,,
G3003,Chronic pain mgmt addl 15m,Chronic pain management — additional 15 minutes,,
Q0091,Obtaining screen pap smear,Screening Pap smear specimen collection,,
